set names utf8;
DROP DATABASE IF EXISTS `edu_system`;
create DATABASE edu_system;
use edu_system;
 
DROP TABLE IF EXISTS T_STUDENT;
DROP TABLE IF EXISTS T_TEACHER;
DROP TABLE IF EXISTS T_COURSE;
DROP TABLE IF EXISTS T_SCORE;

CREATE TABLE T_STUDENT (
       STUNO  VARCHAR(20) PRIMARY KEY,
       STUPWD  VARCHAR(20),
       STUNAME  VARCHAR(20),
       STUSEX  VARCHAR(20)
) DEFAULT CHARSET=utf8;
INSERT INTO T_STUDENT VALUES('0001','0001','流殇','男');
INSERT INTO T_STUDENT VALUES('0002','0002','郭丽芳','女');
INSERT INTO T_STUDENT VALUES('0003','0003','林金玉','女');
INSERT INTO T_STUDENT VALUES('0004','0004','王丽华','女');
INSERT INTO T_STUDENT VALUES('0005','0005','李星武','男');
INSERT INTO T_STUDENT VALUES('0006','0006','何悦','男');
INSERT INTO T_STUDENT VALUES('0007','0007','李丽晶','女');
INSERT INTO T_STUDENT VALUES('0008','0008','邓丽财','女');
INSERT INTO T_STUDENT VALUES('0009','0009','郑义进','男');
INSERT INTO T_STUDENT VALUES('0010','0010','陈华博','男');
CREATE TABLE T_TEACHER(
       TEANO  VARCHAR(20) PRIMARY KEY,
       TEAPWD  VARCHAR(20),
       TEANAME  VARCHAR(20),
       TEASEX  VARCHAR(20),
       TITLE  VARCHAR(20)
) DEFAULT CHARSET=utf8;
INSERT INTO T_TEACHER VALUES('001','001','符传谊','男','教授');
INSERT INTO T_TEACHER VALUES('002','002','张红','女','讲师');
INSERT INTO T_TEACHER VALUES('003','003','王刚','男','副教授');
INSERT INTO T_TEACHER VALUES('004','004','范购','女','教授');
INSERT INTO T_TEACHER VALUES('005','005','张新','男','讲师');
INSERT INTO T_TEACHER VALUES('006','006','江海','男','讲师');
INSERT INTO T_TEACHER VALUES('007','007','唐彪','男','讲师');

CREATE TABLE T_COURSE(
       COURSENO  VARCHAR(20) PRIMARY KEY,
       COURSENAME  VARCHAR(20),
       CREDIT  FLOAT,
       TEANO VARCHAR(20)
) DEFAULT CHARSET=utf8;
INSERT INTO T_COURSE VALUES('001','高等数学','5.0','003');
INSERT INTO T_COURSE VALUES('002','高等数学','5.0','006');
INSERT INTO T_COURSE VALUES('003','高等数学','5.0','007');
INSERT INTO T_COURSE VALUES('004','Java','5.0','002');
INSERT INTO T_COURSE VALUES('005','计算机应用','5.0','002');
INSERT INTO T_COURSE VALUES('006','计算机应用','5.0','004');
INSERT INTO T_COURSE VALUES('007','电子商务','5.0','004');
INSERT INTO T_COURSE VALUES('008','大学物理','5.0','003');
INSERT INTO T_COURSE VALUES('009','大学物理','5.0','001');
INSERT INTO T_COURSE VALUES('010','电路','5.0','003');
INSERT INTO T_COURSE VALUES('011','电路','5.0','001');
INSERT INTO T_COURSE VALUES('012','哲学','5.0','005');
INSERT INTO T_COURSE VALUES('013','经济学','5.0','005');
CREATE TABLE T_SCORE (
       STUNO    VARCHAR(20),
       COURSENO    VARCHAR(20),
       TYPE  VARCHAR(20),
       SCORE  FLOAT,
       STATE  VARCHAR(20)
) DEFAULT CHARSET=utf8;

COMMIT;